{"cameraMode":{"drawMode":0,"name":"Shaded","section":"Shading Mode"},"sceneLighting":false,"audioPlay":false,"sceneViewState":{"showFog":true,"showMaterialUpdate":true,"showSkybox":true,"showFlares":true,"showImageEffects":true,"showParticleSystems":true},"in2DMode":false,"pivot":{"x":336.2042236328125,"y":28.624422073364259,"z":454.5812683105469},"rotation":{"x":-0.08107171952724457,"y":-0.06121915951371193,"z":0.004988398868590593,"w":-0.9948139190673828},"size":12.906342506408692,"orthographic":false}