{"cameraMode":{"drawMode":0,"name":"Shaded","section":"Shading Mode"},"sceneLighting":false,"audioPlay":false,"sceneViewState":{"showFog":true,"showMaterialUpdate":true,"showSkybox":true,"showFlares":true,"showImageEffects":true,"showParticleSystems":true},"in2DMode":false,"pivot":{"x":340.9544677734375,"y":-9.168773651123047,"z":149.96884155273438},"rotation":{"x":0.1377091109752655,"y":-0.5399908423423767,"z":0.09008876979351044,"w":0.825427234172821},"size":36.91191482543945,"orthographic":false}