{"cameraMode":{"drawMode":0,"name":"Shaded","section":"Shading Mode"},"sceneLighting":true,"audioPlay":false,"sceneViewState":{"showFog":true,"showMaterialUpdate":true,"showSkybox":true,"showFlares":true,"showImageEffects":true,"showParticleSystems":true},"in2DMode":false,"pivot":{"x":347.0166015625,"y":26.1312255859375,"z":310.1752624511719},"rotation":{"x":-0.0661831796169281,"y":-0.2945561707019806,"z":0.020452365279197694,"w":-0.9531202912330627},"size":36.91191482543945,"orthographic":false}