{"cameraMode":{"drawMode":0,"name":"Shaded","section":"Shading Mode"},"sceneLighting":false,"audioPlay":false,"sceneViewState":{"showFog":true,"showMaterialUpdate":true,"showSkybox":true,"showFlares":true,"showImageEffects":true,"showParticleSystems":true},"in2DMode":false,"pivot":{"x":-25.84480094909668,"y":-4.486123085021973,"z":8.18959903717041},"rotation":{"x":0.07550457119941712,"y":0.4716241657733917,"z":-0.04057379439473152,"w":0.8776237964630127},"size":3.932588577270508,"orthographic":false}