{"cameraMode":{"drawMode":0,"name":"Shaded","section":"Shading Mode"},"sceneLighting":false,"audioPlay":false,"sceneViewState":{"showFog":true,"showMaterialUpdate":true,"showSkybox":true,"showFlares":true,"showImageEffects":true,"showParticleSystems":true},"in2DMode":false,"pivot":{"x":-0.03517913818359375,"y":16.771560668945314,"z":189.4791717529297},"rotation":{"x":0.07468651235103607,"y":0.48871049284935,"z":-0.04203962907195091,"w":0.868226170539856},"size":58.36723709106445,"orthographic":false}