{"cameraMode":{"drawMode":0,"name":"Shaded","section":"Shading Mode"},"sceneLighting":false,"audioPlay":false,"sceneViewState":{"showFog":true,"showMaterialUpdate":true,"showSkybox":true,"showFlares":true,"showImageEffects":true,"showParticleSystems":true},"in2DMode":false,"pivot":{"x":-34.28570556640625,"y":45.61660385131836,"z":244.0145721435547},"rotation":{"x":0.07468651235103607,"y":0.48871049284935,"z":-0.04203962907195091,"w":0.868226170539856},"size":11.989648818969727,"orthographic":false}