{"cameraMode":{"drawMode":0,"name":"Shaded","section":"Shading Mode"},"sceneLighting":false,"audioPlay":false,"sceneViewState":{"showFog":true,"showMaterialUpdate":true,"showSkybox":true,"showFlares":true,"showImageEffects":true,"showParticleSystems":true},"in2DMode":false,"pivot":{"x":114.26998138427735,"y":-25.509273529052736,"z":9.113869667053223},"rotation":{"x":-0.08107171952724457,"y":-0.06121915951371193,"z":0.004988398868590593,"w":-0.9948139190673828},"size":7.265958786010742,"orthographic":false}