{"cameraMode":{"drawMode":0,"name":"Shaded","section":"Shading Mode"},"sceneLighting":false,"audioPlay":false,"sceneViewState":{"showFog":true,"showMaterialUpdate":true,"showSkybox":true,"showFlares":true,"showImageEffects":true,"showParticleSystems":true},"in2DMode":false,"pivot":{"x":254.6554412841797,"y":-5.269464492797852,"z":-146.0500030517578},"rotation":{"x":-0.08107171952724457,"y":-0.06121915951371193,"z":0.004988398868590593,"w":-0.9948139190673828},"size":7.839104175567627,"orthographic":false}