{"cameraMode":{"drawMode":0,"name":"Shaded","section":"Shading Mode"},"sceneLighting":false,"audioPlay":false,"sceneViewState":{"showFog":true,"showMaterialUpdate":true,"showSkybox":true,"showFlares":true,"showImageEffects":true,"showParticleSystems":true},"in2DMode":false,"pivot":{"x":114.26998138427735,"y":-25.509273529052736,"z":9.113869667053223},"rotation":{"x":0.024081893265247346,"y":-0.35975155234336855,"z":0.009289403446018696,"w":0.9326910972595215},"size":7.265958786010742,"orthographic":false}